PDB code,PDB chains,Ligand PDB code,Active site identity,# Active site mutations,# Active site gaps,Backbone RMSD,All atom RMSD
1AQ1,A ,STU_A_299,1,0,0,0.000000,0.000000
1B38,A ,ATP_A_381,1,0,0,0.886939,1.378848
1B39,A ,ATP_A_381,1,0,0,0.921953,1.450272
1CKP,A ,PVB_A_299,1,0,0,0.736771,1.419570
1DI8,A ,DTQ_A_500,1,0,0,0.726436,1.441401
1DM2,A ,HMD_A_400,1,0,0,0.738572,1.349550
1E1V,A ,CMG_A_401,1,0,0,0.835652,1.531741
1E1X,A ,NW1_A_401,1,0,0,0.887022,1.472262
1FVT,A ,106_A_299,1,0,0,0.654592,1.322460
1G5S,A ,I17_A_400,1,0,0,0.857577,1.665845
1GIH,A ,1PU_A_501,1,0,0,0.915381,1.275339
1GII,A ,1PU_A_501,0.9375,2,0,0.848942,
1GIJ,A ,2PU_A_501,0.9375,2,0,0.731703,
1GZ8,A ,MBP_A_1300,1,0,0,0.897140,1.561689
1H00,A ,FAP_A_1300,0.9375,0,2,0.690838,1.314169
1H01,A ,FAL_A_301,0.96875,1,0,0.760411,
1H07,A ,MFP_A_301,1,0,0,0.711757,1.317279
1H08,A ,BYP_A_299,1,0,0,0.758575,1.411058
1H0V,A ,UN4_A_1299,1,0,0,0.821003,1.420019
1H0W,A ,207_A_1299,1,0,0,0.867811,1.475360
1H1S,C ,4SP_C_1298,1,0,0,0.997268,1.942721
1HCK,A ,ATP_A_400,1,0,0,0.913181,1.443609
1JSV,A ,U55_A_400,1,0,0,0.824280,1.491520
1JVP,P ,LIG_P_301,1,0,0,0.904228,1.528903
1KE5,A ,LS1_A_299,1,0,0,0.747746,1.421067
1KE6,A ,LS2_A_299,1,0,0,0.758256,1.400491
1KE7,A ,LS3_A_299,1,0,0,0.695590,1.358690
1KE8,A ,LS4_A_299,1,0,0,0.767881,1.449202
1KE9,A ,LS5_A_299,1,0,0,0.750582,1.448335
1OIQ,A ,HDU_A_1299,0.78125,0,7,0.629267,1.370835
1OIR,A ,HDY_A_1298,0.96875,1,0,0.657118,
1OIT,A ,HDT_A_1299,1,0,0,0.753074,1.272123
1P2A,A ,5BN_A_301,0.78125,0,7,0.826402,1.549870
1PXI,A ,CK1_A_500,1,0,0,0.902902,1.508463
1PXJ,A ,CK2_A_500,1,0,0,0.838525,1.472797
1PXK,A ,CK3_A_500,1,0,0,0.818722,1.439521
1PXL,A ,CK4_A_500,1,0,0,0.767994,1.417323
1PXM,A ,CK5_A_500,1,0,0,0.846866,1.406138
1PXO,A ,CK7_A_500,1,0,0,0.980611,1.563887
1PXP,A ,CK8_A_500,1,0,0,0.803582,1.417899
1PYE,A ,PM1_A_700,0.75,0,8,0.470534,1.200638
1R78,A ,FMD_A_299,0.96875,0,1,0.731142,1.393737
1URW,A ,I1P_A_1300,0.9375,0,2,0.795022,1.419756
1V0P,A ,PVB_A_1287,0.875,3,1,0.922626,
1V0P,B ,PVB_B_1287,0.78125,2,5,0.947376,
1V1K,A ,3FP_A_299,1,0,0,0.905707,1.279336
1VYZ,A ,N5B_A_300,1,0,0,0.797119,1.444489
1W0X,C ,OLO_C_1299,1,0,0,0.789550,1.511666
1W8C,A ,N69_A_1301,1,0,0,0.918521,1.489682
1Y8Y,A ,CT7_A_401,1,0,0,0.839764,1.551422
1Y91,A ,CT9_A_401,1,0,0,0.808212,1.439206
1YKR,A ,628_A_299,1,0,0,0.805656,1.377620
2A0C,X ,CK9_X_500,1,0,0,0.735508,1.385958
2A4L,A ,RRC_A_300,1,0,0,0.686858,1.353236
2B52,A ,D42_A_299,1,0,0,0.537612,1.167964
2B53,A ,D23_A_299,1,0,0,0.649519,1.251424
2B54,A ,D05_A_300,1,0,0,0.786768,1.578258
2B55,A ,D31_A_299,0.96875,0,1,0.598484,1.212238
2BHE,A ,BRY_A_1299,1,0,0,0.819413,1.480108
2BHH,A ,RYU_A_1299,1,0,0,0.813845,1.352209
2BTR,A ,U73_A_300,1,0,0,0.944085,1.497652
2C5Y,A ,MTW_A_1298,1,0,0,0.685964,1.413707
2C68,A ,CT6_A_1297,1,0,0,0.902755,1.687518
2C69,A ,CT8_A_1299,1,0,0,0.843423,1.645595
2C6I,A ,DT1_A_1299,1,0,0,0.850158,1.540310
2C6K,A ,DT2_A_1299,1,0,0,0.819220,1.529581
2C6L,A ,DT4_A_1299,1,0,0,0.817921,1.514557
2C6M,A ,DT5_A_1297,1,0,0,0.853595,1.585429
2C6O,A ,4SP_A_1297,1,0,0,0.848013,1.496657
2CLX,A ,F18_A_1299,1,0,0,0.708530,1.352351
2DS1,A ,1CD_A_501,0.9375,2,0,0.619789,
2DUV,A ,371_A_501,1,0,0,0.674572,1.338194
2EXM,A ,ZIP_A_400,1,0,0,0.859837,1.485079
2R3F,A ,SC8_A_501,1,0,0,0.828795,1.518700
2R3G,A ,SC9_A_501,1,0,0,0.805581,1.482151
2R3H,A ,SCE_A_501,1,0,0,0.709777,1.372687
2R3I,A ,SCF_A_501,1,0,0,0.848528,1.446399
2R3J,A ,SCJ_A_501,1,0,0,0.748992,1.322310
2R3K,A ,SCQ_A_501,1,0,0,0.736943,1.442813
2R3L,A ,SCW_A_501,1,0,0,0.751175,1.361738
2R3M,A ,SCX_A_501,1,0,0,0.706332,1.437464
2R3N,A ,SCZ_A_501,1,0,0,0.859812,1.644079
2R3O,A ,2SC_A_501,1,0,0,0.717544,1.514381
2R3P,A ,3SC_A_501,1,0,0,0.803094,1.477856
2R3Q,A ,5SC_A_501,1,0,0,0.814768,1.591175
2R3R,A ,6SC_A_501,1,0,0,0.777730,1.498268
2R64,A ,740_A_500,1,0,0,0.728740,1.375102
2UZD,A ,C85_A_1297,1,0,0,0.908047,1.772430
2UZE,A ,C95_A_1297,1,0,0,0.970824,1.822413
2UZE,C ,C95_C_1297,1,0,0,0.995788,1.677761
2UZL,A ,C94_A_1297,1,0,0,0.990440,1.859972
2UZN,A ,C96_A_1299,1,0,0,0.935090,1.496951
2UZO,A ,C62_A_1297,1,0,0,0.786743,1.565083
2V0D,A ,C53_A_1299,1,0,0,0.853915,1.707798
2VTA,A ,LZ1_A_1301,1,0,0,0.899670,1.388549
2VTH,A ,LZ2_A_1300,1,0,0,0.745716,1.338444
2VTI,A ,LZ3_A_1299,1,0,0,0.799387,1.426229
2VTJ,A ,LZ4_A_1300,1,0,0,0.760733,1.327509
2VTL,A ,LZ5_A_1299,1,0,0,0.761961,1.451588
2VTM,A ,LZM_A_1299,1,0,0,0.733638,1.378910
2VTN,A ,LZ7_A_1299,0.96875,0,1,0.520495,1.272011
2VTO,A ,LZ8_A_1299,1,0,0,0.635307,1.334891
2VTP,A ,LZ9_A_1299,1,0,0,0.715055,1.341138
2VTQ,A ,LZA_A_1299,0.96875,0,1,0.859939,1.355273
2VTR,A ,LZB_A_1299,1,0,0,0.740329,1.339559
2VTS,A ,LZC_A_1299,1,0,0,0.743395,1.363950
2W06,A ,FRV_A_1300,1,0,0,0.731711,1.414142
2W17,A ,I19_A_1300,0.96875,0,1,0.798743,1.235287
2W1H,A ,L0F_A_1299,1,0,0,0.772064,1.442070
2XMY,A ,CDK_A_500,1,0,0,0.672708,1.310007
2XNB,A ,Y8L_A_1299,1,0,0,0.744403,1.435543
3EZR,A ,EZR_A_300,0.96875,0,1,0.743584,1.406252
3FZ1,A ,B98_A_299,1,0,0,0.745339,1.378462
3IG7,A ,EFP_A_999,1,0,0,0.897921,1.607008
3IGG,A ,EFQ_A_999,1,0,0,0.781280,1.501644
3LE6,A ,2BZ_A_299,1,0,0,0.673702,1.256643
3LFN,A ,A27_A_299,1,0,0,0.602354,1.323503
3LFQ,A ,A28_A_299,1,0,0,0.692530,1.261870
3LFS,A ,A07_A_299,1,0,0,0.711824,1.407713
3NS9,A ,NS9_A_0,1,0,0,0.701757,1.408899
3PJ8,A ,404_A_299,1,0,0,0.628797,1.499277
3PXY,A ,JWS_A_299,1,0,0,0.932552,1.467555
3PY0,A ,SU9_A_301,1,0,0,0.927893,1.613591
3QL8,A ,X01_A_300,1,0,0,0.621213,1.402738
3QQF,A ,X07_A_543,1,0,0,0.872145,1.529369
3QQG,A ,X06_A_300,1,0,0,0.884686,1.425378
3QQH,A ,X0A_A_303,1,0,0,0.892230,1.601231
3QQJ,A ,X11_A_300,1,0,0,0.878293,1.486986
3QQK,A ,X02_A_497,1,0,0,0.779590,1.459903
3QQL,A ,X03_A_299,1,0,0,0.684098,1.160333
3QRU,A ,X19_A_493,1,0,0,0.993675,1.538957
3QTQ,A ,X35_A_476,1,0,0,0.633731,1.322756
3QTR,A ,X36_A_497,1,0,0,0.823482,1.555266
3QTS,A ,X46_A_299,1,0,0,0.896523,1.727192
3QTW,A ,X3A_A_451,1,0,0,0.579426,1.521724
3QTX,A ,X43_A_299,1,0,0,0.726806,1.462909
3QTZ,A ,X42_A_453,1,0,0,0.929033,1.694892
3QU0,A ,X40_A_454,1,0,0,0.663437,1.408938
3QWJ,A ,X6A_A_483,1,0,0,0.918536,1.502349
3QWK,A ,X62_A_493,1,0,0,0.973474,1.669832
3QX2,A ,X63_A_300,1,0,0,0.920538,1.550600
3QX4,A ,X4B_A_454,1,0,0,0.862461,1.496203
3QXO,A ,X65_A_668,1,0,0,0.878778,1.514862
3QZF,A ,X66_A_299,1,0,0,0.743400,1.494322
3QZG,A ,X67_A_471,1,0,0,0.831725,1.442761
3QZH,A ,X69_A_839,1,0,0,0.896717,1.498645
3QZI,A ,X72_A_512,1,0,0,0.943324,1.551180
3R1Q,A ,X75_A_616,1,0,0,0.876993,1.500837
3R1S,A ,X73_A_647,1,0,0,0.864235,1.502122
3R1Y,A ,X76_A_488,1,0,0,0.853984,1.396202
3R28,A ,XA0_A_782,1,0,0,0.888790,1.503081
3R6X,A ,X84_A_778,1,0,0,0.859256,1.495351
3R71,A ,X86_A_800,1,0,0,0.943125,1.559085
3R73,A ,X87_A_920,1,0,0,0.867667,1.474490
3R7E,A ,X88_A_919,1,0,0,0.893038,1.562918
3R7I,A ,X9I_A_505,1,0,0,0.932642,1.574002
3R7U,A ,X96_A_523,1,0,0,0.850238,1.542198
3R7V,A ,Z02_A_490,1,0,0,0.905028,1.628569
3R7Y,A ,Z04_A_484,1,0,0,0.891917,1.554778
3R83,A ,Z14_A_589,1,0,0,0.886486,1.397348
3R8L,A ,Z30_A_423,1,0,0,0.910636,1.525767
3R8M,A ,Z19_A_486,1,0,0,0.853705,1.424005
3R8P,A ,Z46_A_511,1,0,0,0.720748,1.432205
3R8U,A ,Z31_A_465,1,0,0,0.905343,1.657009
3R8V,A ,Z62_A_473,1,0,0,0.891048,1.563787
3R9D,A ,X6B_A_590,1,0,0,0.666572,1.412602
3R9H,A ,Z67_A_606,1,0,0,0.626715,1.370137
3R9N,A ,Z68_A_529,1,0,0,0.913831,1.745269
3R9O,A ,Z71_A_401,1,0,0,0.640803,1.406415
3RAH,A ,O1Z_A_516,1,0,0,0.914950,1.706213
3RAI,A ,X85_A_923,1,0,0,0.920116,1.567266
3RAL,A ,04Z_A_499,1,0,0,0.950089,1.788623
3RJC,A ,06Z_A_450,1,0,0,0.864660,1.691073
3RK5,A ,07Z_A_436,1,0,0,0.689243,1.405400
3RK7,A ,08Z_A_467,1,0,0,0.674456,1.382029
3RK9,A ,09Z_A_483,1,0,0,0.657951,1.326242
3RM6,A ,18Z_A_478,0.96875,0,1,0.738604,1.376624
3RM7,A ,19Z_A_654,1,0,0,0.874793,1.545178
3RMF,A ,20Z_A_496,1,0,0,0.965223,1.577999
3RNI,A ,21Z_A_424,1,0,0,0.776380,1.437317
3ROY,A ,22Z_A_781,1,0,0,0.890977,1.516377
3RPO,A ,24Z_A_778,1,0,0,0.892651,1.443005
3RPR,A ,25Z_A_529,1,0,0,0.888358,1.743738
3RPV,A ,26Z_A_495,1,0,0,0.770811,1.450082
3RPY,A ,27Z_A_470,1,0,0,0.899632,1.594727
3RZB,A ,02Z_A_458,1,0,0,0.903247,1.663568
3S00,A ,Z60_A_461,1,0,0,0.903365,1.608827
3S0O,A ,50Z_A_446,0.96875,1,0,0.855984,
3S2P,A ,PMU_A_500,1,0,0,0.754910,1.409223
3SQQ,A ,99Z_A_456,1,0,0,0.810124,1.482093
3TI1,A ,B49_A_299,1,0,0,0.818588,1.550926
3TIY,A ,TIY_A_311,1,0,0,0.646405,1.553563
3TIZ,A ,3TI_A_299,1,0,0,0.829062,1.576298
3UNK,A ,0BY_A_299,1,0,0,0.898991,1.552551
3WBL,A ,PDY_A_302,1,0,0,0.752940,1.512935
4ACM,A ,7YG_A_1302,1,0,0,0.790818,1.453478
4BZD,A ,D6I_A_1300,0.96875,0,1,0.847185,1.188413
4D1X,A ,ESJ_A_1299,1,0,0,0.844484,1.462289
4D1Z,A ,WG8_A_1296,0.75,0,8,0.425473,0.788320
4EK4,A ,1CK_A_301,1,0,0,0.803574,1.457219
4EK5,A ,03K_A_300,1,0,0,0.750437,1.411759
4EK6,A ,10K_A_301,1,0,0,0.736780,1.307878
4EK8,A ,16K_A_301,1,0,0,0.725813,1.384528
4ERW,A ,STU_A_301,1,0,0,0.592893,1.251788
4EZ3,A ,0S0_A_301,1,0,0,0.778146,1.450586
4EZ7,A ,STU_A_301,1,0,0,0.953480,1.374065
4FKG,A ,4CK_A_300,1,0,0,0.733509,1.350379
4FKI,A ,09K_A_301,1,0,0,0.771343,1.341056
4FKJ,A ,11K_A_301,1,0,0,0.790323,1.366360
4FKL,A ,CK2_A_300,1,0,0,0.850792,1.414473
4FKP,A ,LS5_A_301,1,0,0,0.848405,1.387080
4FKQ,A ,42K_A_301,1,0,0,0.801088,1.437780
4FKR,A ,45K_A_301,1,0,0,0.833553,1.567052
4FKS,A ,46K_A_301,1,0,0,0.754449,1.388220
4FKT,A ,48K_A_301,1,0,0,0.773077,1.322439
4FKU,A ,60K_A_303,1,0,0,0.857718,1.498349
4FKV,A ,61K_A_301,1,0,0,0.781414,1.188821
4FKW,A ,62K_A_301,1,0,0,0.751214,1.366209
4KD1,A ,1QK_A_302,1,0,0,0.809454,1.554949
4LYN,A ,1YG_A_301,1,0,0,0.768792,1.363044
4RJ3,A ,3QS_A_302,0.96875,1,0,0.706426,
5AND,A ,5JE_A_1295,1,0,0,0.790149,1.398345
5ANE,A ,SZL_A_1299,1,0,0,0.829053,1.490506
5ANG,A ,WY3_A_1299,0.9375,0,2,0.766692,1.562753
5ANI,A ,ES4_A_1299,1,0,0,0.886979,1.544979
5ANJ,A ,ZXC_A_1299,1,0,0,0.902130,1.481621
5ANK,A ,RJI_A_1299,1,0,0,0.867067,1.492466
5D1J,A ,56H_A_4000,0.90625,0,3,0.687129,1.627729
5FP5,A ,1Y6_A_1297,0.96875,0,1,0.824760,1.309042
5IEV,A ,R0N_A_1001,1,0,0,0.787040,1.374660
5IEY,A ,6AE_A_1001,1,0,0,0.912155,1.554181
5JQ5,A ,I74_A_302,1,0,0,0.657013,1.287251
5JQ8,A ,I73_A_301,1,0,0,0.748979,1.492886
5MHQ,A ,8QT_A_301,0.96875,1,0,0.750179,
6GU4,A ,FC8_A_301,0.84375,4,1,0.994982,
6GU6,A ,1QK_A_301,0.84375,4,1,0.807690,
6GU7,A ,FB8_A_301,0.84375,4,1,0.849888,
6GUH,A ,FB8_A_301,1,0,0,0.794229,1.487132
6GUK,A ,FC8_A_301,1,0,0,0.855199,1.395154
